,Dataset,Col Name,Chi_Sq Val,P-value,Pass/Fail
0,avocado.csv,Total Volume,0.12280291598817238,0.999999436112653,Obeyed
1,avocado.csv,4046,0.3648663786607827,0.9999600961205853,Obeyed
2,avocado.csv,4225,0.8464414938091316,0.99904483773879,Obeyed
3,avocado.csv,4770,1.157965762841591,0.9970399523396976,Obeyed
4,avocado.csv,Total Bags,2.8116213391631435,0.9456172646381046,Obeyed
5,avocado.csv,Small Bags,3.5571726012939497,0.8947074713323517,Obeyed
6,avocado.csv,Large Bags,0.32795334048196206,0.9999735696541743,Obeyed
7,avocado.csv,XLarge Bags,0.26709404617057053,0.9999880867383197,Obeyed
