,Dataset,Col Name,Chi_Sq Val,P-value,Pass/Fail
0,Fish.csv,Weight,12.365775906119618,0.13561478348997125,Obeyed
1,Fish.csv,Length1,62.319089719604875,1.6317136530830112e-10,Not Obeyed
2,Fish.csv,Length2,70.35652913523481,4.1733283495659634e-12,Not Obeyed
3,Fish.csv,Length3,71.59424543405929,2.364664020149121e-12,Not Obeyed
4,Fish.csv,Height,45.729824043574865,2.6752744042291e-07,Not Obeyed
5,Fish.csv,Width,74.28523561319466,6.857847623109592e-13,Not Obeyed
